id,first_name,last_name,email,gender,ip_address
1,Kiah,Giovanizio,kgiovanizio0@netscape.com,Agender,134.97.164.98
2,Woody,Matchitt,wmatchitt1@amazon.co.jp,Male,243.85.16.156
3,Ely,Kulicke,ekulicke2@lycos.com,Agender,146.31.48.22
4,Viviana,Moscone,vmoscone3@studiopress.com,Agender,254.43.80.136
5,Cathleen,Iffe,ciffe4@behance.net,Bigender,214.36.217.246
6,Filide,Jude,fjude5@netscape.com,Non-binary,39.132.142.135
7,Kenyon,Whatham,kwhatham6@slate.com,Agender,106.74.149.29
8,Kalle,Thornewill,kthornewill7@behance.net,Genderqueer,19.125.241.49
9,Jenn,Ellerton,jellerton8@samsung.com,Genderqueer,124.203.49.113
10,Delphine,Elion,delion9@geocities.com,Genderqueer,152.33.252.196
11,Paulie,Vankin,pvankina@ox.ac.uk,Female,44.47.137.99
12,Rockey,Spafford,rspaffordb@ted.com,Agender,22.220.18.94
13,Matthew,Georgeau,mgeorgeauc@goodreads.com,Genderfluid,114.40.31.242
14,Stephan,Currington,scurringtond@nsw.gov.au,Agender,132.59.248.127
15,Franny,Espy,fespye@nbcnews.com,Female,43.220.23.28
16,Lyndsay,Davidovics,ldavidovicsf@who.int,Female,95.251.200.116
17,Demott,Bignell,dbignellg@jimdo.com,Male,199.144.143.179
18,Binni,McFayden,bmcfaydenh@google.nl,Agender,154.120.209.125
19,Crystal,Enston,censtoni@cargocollective.com,Female,157.152.130.225
20,Minette,McEwan,mmcewanj@jiathis.com,Bigender,48.138.201.213
21,Rusty,Rowthorne,rrowthornek@github.io,Non-binary,236.9.61.17
22,Aila,Ollivierre,aollivierrel@wordpress.org,Female,127.65.82.245
23,Rustie,Russo,rrussom@wp.com,Genderfluid,13.148.183.222
24,Halley,Drakes,hdrakesn@eepurl.com,Genderfluid,5.219.248.171
25,Vite,Lidierth,vlidiertho@tripod.com,Genderfluid,189.70.248.149
26,Anneliese,Halsworth,ahalsworthp@google.co.uk,Non-binary,112.194.236.230
27,Padraic,Showt,pshowtq@youku.com,Non-binary,0.77.169.170
28,Kerry,Dikle,kdikler@mtv.com,Genderfluid,240.239.127.236
29,Thomasina,Gravet,tgravets@hao123.com,Agender,31.119.87.223
30,Tanney,Goldhawk,tgoldhawkt@bbc.co.uk,Male,143.111.125.100
31,Brose,Cato,bcatou@amazonaws.com,Polygender,92.184.233.68
32,Juli,Lote,jlotev@bravesites.com,Genderqueer,93.177.19.62
33,Lauri,Makiver,lmakiverw@xinhuanet.com,Male,122.151.127.16
34,Cletis,Sambell,csambellx@state.gov,Female,93.14.242.188
35,Saxon,Georgievski,sgeorgievskiy@java.com,Non-binary,115.170.161.200
36,Penn,Clues,pcluesz@naver.com,Male,245.173.77.76
37,Kimberly,Kuhle,kkuhle10@youtu.be,Female,167.79.41.96
38,Ripley,Loggie,rloggie11@hatena.ne.jp,Female,137.105.93.3
39,Layton,Persitt,lpersitt12@acquirethisname.com,Genderfluid,172.29.94.6
40,Nobe,Carncross,ncarncross13@blog.com,Genderfluid,62.244.75.252
41,Drusilla,Leng,dleng14@sakura.ne.jp,Agender,77.147.137.63
42,Garvy,Force,gforce15@de.vu,Polygender,197.181.230.67
43,Catie,Cauley,ccauley16@themeforest.net,Bigender,112.230.122.76
44,Tommie,Andersen,tandersen17@hp.com,Genderfluid,88.244.4.252
45,Anya,Broad,abroad18@technorati.com,Genderfluid,199.162.171.196
46,Gar,Getcliffe,ggetcliffe19@t.co,Agender,140.254.44.223
47,Lucias,Stichall,lstichall1a@yahoo.co.jp,Agender,182.58.251.111
48,Lin,Brower,lbrower1b@blogs.com,Genderfluid,254.134.64.209
49,Marthe,O'Hickee,mohickee1c@storify.com,Female,69.174.150.97
50,Flo,Shewon,fshewon1d@google.es,Genderqueer,129.181.40.31
51,Elita,Gheeraert,egheeraert1e@technorati.com,Bigender,156.44.4.240
52,Rogerio,Cockshtt,rcockshtt1f@cdc.gov,Genderqueer,19.165.157.169
53,Keen,Ipsgrave,kipsgrave1g@ycombinator.com,Genderqueer,212.204.182.212
54,Etty,Iffland,eiffland1h@tinyurl.com,Agender,87.143.234.214
55,Bryan,Lethby,blethby1i@trellian.com,Genderfluid,242.102.42.112
56,Barbara-anne,Bulled,bbulled1j@home.pl,Bigender,123.239.250.36
57,Boot,Daal,bdaal1k@paypal.com,Non-binary,203.60.42.125
58,Coleen,Roubay,croubay1l@dyndns.org,Genderqueer,26.82.171.188
59,Jarvis,Blastock,jblastock1m@apache.org,Female,111.214.5.64
60,Kelci,Ragot,kragot1n@about.com,Female,163.195.91.14
61,Ronni,Bontine,rbontine1o@wordpress.com,Bigender,44.54.160.185
62,Georges,O'Fallon,gofallon1p@aboutads.info,Genderqueer,52.190.41.147
63,Roderigo,Arnaldi,rarnaldi1q@yellowbook.com,Non-binary,33.20.102.112
64,Noel,Galletley,ngalletley1r@histats.com,Female,18.122.17.127
65,Elnar,Abrams,eabrams1s@dedecms.com,Female,53.163.20.51
66,Lynne,Ramsier,lramsier1t@stumbleupon.com,Female,206.214.6.80
67,Bobby,McGrale,bmcgrale1u@mlb.com,Bigender,81.170.24.104
68,Gavra,Fishbourn,gfishbourn1v@archive.org,Female,172.110.235.123
69,Linnie,Janney,ljanney1w@google.ca,Male,29.192.112.31
70,Claudio,Shervil,cshervil1x@sakura.ne.jp,Agender,44.229.176.92
71,Oralie,Tomlett,otomlett1y@creativecommons.org,Agender,62.147.131.9
72,Athena,Atkinson,aatkinson1z@vk.com,Female,92.157.110.142
73,Jennie,Alasdair,jalasdair20@narod.ru,Bigender,83.24.192.240
74,Iris,Remirez,iremirez21@uiuc.edu,Agender,206.163.180.164
75,Danielle,Newton,dnewton22@arizona.edu,Bigender,69.62.66.234
76,Sig,Hallaways,shallaways23@unesco.org,Agender,102.81.79.104
77,Kevon,Lillistone,klillistone24@google.es,Agender,92.228.21.141
78,Sharla,Lindenboim,slindenboim25@dedecms.com,Agender,216.83.254.172
79,Cilka,Measham,cmeasham26@fda.gov,Genderfluid,177.183.232.109
80,Odey,Abels,oabels27@shop-pro.jp,Bigender,135.189.105.201
81,Alanah,Playford,aplayford28@psu.edu,Genderqueer,84.254.62.211
82,Gillan,Pringle,gpringle29@webmd.com,Female,182.253.25.66
83,Kayley,McRuvie,kmcruvie2a@hc360.com,Non-binary,208.39.113.109
84,Buddie,Beden,bbeden2b@fda.gov,Male,53.25.65.142
85,Natalya,Basso,nbasso2c@wunderground.com,Genderqueer,187.148.90.140
86,Kareem,Gostyke,kgostyke2d@go.com,Polygender,146.233.43.58
87,Willa,MacCleay,wmaccleay2e@unicef.org,Genderfluid,34.2.143.140
88,Kathy,Le Teve,kleteve2f@geocities.com,Non-binary,29.138.98.162
89,Booth,Romi,bromi2g@loc.gov,Male,46.117.229.10
90,Vidovic,Stockford,vstockford2h@myspace.com,Female,5.215.97.89
91,Marianne,Avis,mavis2i@blogs.com,Genderfluid,149.114.94.200
92,Susanetta,Castellani,scastellani2j@mediafire.com,Female,104.105.91.40
93,Sidonnie,Birdall,sbirdall2k@youku.com,Female,13.41.160.215
94,Karlen,Rowston,krowston2l@163.com,Male,87.133.39.110
95,Sandi,Lundbech,slundbech2m@about.com,Male,129.53.247.154
96,Baldwin,Matzl,bmatzl2n@ask.com,Polygender,201.81.239.77
97,Sammie,Hawsby,shawsby2o@example.com,Genderfluid,142.41.176.35
98,Alex,Acklands,aacklands2p@over-blog.com,Genderfluid,47.30.158.37
99,Lyell,McGuinley,lmcguinley2q@examiner.com,Bigender,61.111.47.121
100,Olivero,Keling,okeling2r@people.com.cn,Agender,173.126.34.165
101,Anders,Dellatorre,adellatorre2s@icq.com,Male,104.117.4.100
102,Nealy,Beurich,nbeurich2t@bbc.co.uk,Polygender,157.102.186.124
103,Jarred,Gerauld,jgerauld2u@fda.gov,Agender,212.133.142.178
104,Roman,Pirie,rpirie2v@ebay.com,Female,67.10.38.35
105,Franny,Gradly,fgradly2w@wordpress.org,Agender,158.184.162.171
106,Terrijo,Edds,tedds2x@parallels.com,Genderqueer,125.28.136.122
107,Andromache,Dorro,adorro2y@cdc.gov,Female,19.139.217.79
108,Tirrell,Dufoure,tdufoure2z@webeden.co.uk,Agender,178.192.218.124
109,Hunfredo,Wenzel,hwenzel30@1688.com,Female,134.56.183.16
110,Trever,Mullally,tmullally31@cargocollective.com,Bigender,187.205.18.121
111,Brennan,Bouts,bbouts32@edublogs.org,Non-binary,60.58.127.20
112,Susie,Jerosch,sjerosch33@twitter.com,Agender,50.1.93.57
113,Tadd,Somerscales,tsomerscales34@facebook.com,Female,59.147.135.211
114,Sybyl,Newcombe,snewcombe35@patch.com,Genderqueer,4.89.46.200
115,Way,Bayston,wbayston36@com.com,Genderqueer,145.236.14.254
116,Claudie,Meah,cmeah37@myspace.com,Agender,7.133.83.107
117,Cozmo,O'Halloran,cohalloran38@springer.com,Genderqueer,107.16.42.106
118,Cristy,Spiers,cspiers39@ezinearticles.com,Agender,222.238.58.180
119,Sandro,Sawdy,ssawdy3a@cbslocal.com,Polygender,55.21.245.232
120,Ricoriki,Aspland,raspland3b@webnode.com,Non-binary,49.94.125.183
121,Noelani,Peyzer,npeyzer3c@qq.com,Non-binary,81.193.12.225
122,Liuka,Elph,lelph3d@google.ru,Polygender,83.197.166.72
123,Noble,Harp,nharp3e@home.pl,Polygender,255.152.45.3
124,Corabel,Farnes,cfarnes3f@nytimes.com,Non-binary,35.40.44.68
125,Cherice,Tratton,ctratton3g@google.ca,Female,253.180.15.14
126,Suki,Koch,skoch3h@jalbum.net,Female,243.34.248.97
127,Vance,Gouda,vgouda3i@vistaprint.com,Non-binary,56.168.125.5
128,Tarra,Tegler,ttegler3j@spotify.com,Polygender,48.223.126.234
129,Raine,Renvoise,rrenvoise3k@lulu.com,Female,158.136.178.166
130,Conny,Glenwright,cglenwright3l@yahoo.com,Polygender,80.76.109.121
131,Leta,Lauderdale,llauderdale3m@vk.com,Agender,58.132.42.136
132,Belvia,Trangmar,btrangmar3n@marketwatch.com,Agender,74.12.66.205
133,Shalne,Chalcroft,schalcroft3o@plala.or.jp,Non-binary,54.163.217.70
134,Devin,Coburn,dcoburn3p@wordpress.org,Polygender,195.221.133.201
135,Shurlocke,Undy,sundy3q@sbwire.com,Genderqueer,63.184.13.218
136,Elden,Audritt,eaudritt3r@uiuc.edu,Genderfluid,176.52.136.36
137,Maurizio,Pyatt,mpyatt3s@mac.com,Female,30.217.99.135
138,Krishna,Enochsson,kenochsson3t@usa.gov,Non-binary,241.251.27.255
139,Becki,Verman,bverman3u@walmart.com,Genderqueer,161.212.140.221
140,Curry,Dunlea,cdunlea3v@constantcontact.com,Agender,128.153.175.49
141,Rosemarie,Andric,randric3w@accuweather.com,Polygender,89.90.63.242
142,Othilie,Hawken,ohawken3x@house.gov,Agender,202.253.13.30
143,Beverie,Knath,bknath3y@merriam-webster.com,Genderqueer,53.17.79.133
144,Erin,Feenan,efeenan3z@163.com,Bigender,127.166.247.106
145,Dianemarie,Chaim,dchaim40@blogs.com,Genderqueer,235.108.21.205
146,Birgitta,Denisovo,bdenisovo41@ucoz.com,Female,165.198.95.27
147,Tommie,Lamblin,tlamblin42@reference.com,Non-binary,12.3.66.31
148,Winnie,Tomczykowski,wtomczykowski43@stanford.edu,Non-binary,169.131.116.227
149,Goddart,Gumery,ggumery44@wikia.com,Genderfluid,58.229.111.153
150,Nell,Temporal,ntemporal45@360.cn,Genderfluid,117.163.40.132
151,Mag,Botwood,mbotwood46@parallels.com,Agender,58.136.56.243
152,Herby,Cavaney,hcavaney47@naver.com,Male,197.132.57.240
153,Nanon,Boick,nboick48@biblegateway.com,Female,151.120.120.98
154,Fabiano,Elbourn,felbourn49@blog.com,Male,200.15.62.85
155,Nerissa,Morman,nmorman4a@printfriendly.com,Non-binary,5.123.9.60
156,Tabby,Killingsworth,tkillingsworth4b@digg.com,Polygender,75.102.23.85
157,Cyndie,Simmonds,csimmonds4c@google.pl,Polygender,239.13.29.39
158,Heindrick,Weathey,hweathey4d@google.cn,Non-binary,14.117.14.196
159,Othello,Giroldo,ogiroldo4e@geocities.jp,Male,138.186.226.198
160,Kore,Thurlbeck,kthurlbeck4f@gizmodo.com,Genderfluid,51.17.42.3
161,Shay,Harler,sharler4g@histats.com,Female,142.234.247.167
162,Laryssa,Healey,lhealey4h@webeden.co.uk,Agender,190.18.28.245
163,Elinor,Doram,edoram4i@live.com,Genderfluid,254.55.138.100
164,Lucky,Kempe,lkempe4j@lulu.com,Male,165.132.75.127
165,Deane,Padbury,dpadbury4k@sourceforge.net,Female,184.204.250.240
166,Marcella,Poser,mposer4l@cocolog-nifty.com,Polygender,131.179.214.29
167,Lotta,Elven,lelven4m@vk.com,Polygender,150.5.170.223
168,Abbott,Danielut,adanielut4n@w3.org,Genderfluid,247.158.206.231
169,Rory,Hulmes,rhulmes4o@oaic.gov.au,Bigender,254.100.103.207
170,Malorie,Millett,mmillett4p@mayoclinic.com,Male,228.52.234.183
171,Hermina,Pennock,hpennock4q@chicagotribune.com,Genderqueer,116.216.53.88
172,Marcelline,Mathelon,mmathelon4r@unc.edu,Female,189.184.95.189
173,Armstrong,Monkman,amonkman4s@va.gov,Genderqueer,219.157.208.185
174,Lorin,Chestney,lchestney4t@ovh.net,Genderfluid,176.83.119.50
175,Ferdie,Embleton,fembleton4u@chicagotribune.com,Male,91.236.37.35
176,Corabelle,Shekle,cshekle4v@yolasite.com,Non-binary,40.101.140.126
177,Lockwood,Ayshford,layshford4w@wikispaces.com,Genderfluid,48.22.79.190
178,Zena,Fordy,zfordy4x@biglobe.ne.jp,Genderqueer,240.90.166.128
179,Vida,Van der Hoven,vvanderhoven4y@so-net.ne.jp,Polygender,175.207.243.136
180,Nomi,Brisard,nbrisard4z@tripod.com,Female,151.163.91.21
181,Tad,Jealous,tjealous50@scientificamerican.com,Male,100.106.28.223
182,Sigmund,Criple,scriple51@huffingtonpost.com,Polygender,192.187.18.166
183,Clementius,Pestricke,cpestricke52@addtoany.com,Genderqueer,6.65.174.249
184,Saleem,Piggin,spiggin53@geocities.com,Polygender,254.175.50.233
185,Conway,Drillot,cdrillot54@weather.com,Genderfluid,74.182.161.234
186,Beatrix,Seacombe,bseacombe55@amazon.co.jp,Agender,200.194.132.7
187,Derril,Klampt,dklampt56@photobucket.com,Genderqueer,139.4.240.136
188,Raeann,Kingwell,rkingwell57@reuters.com,Genderqueer,164.22.189.95
189,Bessy,Winn,bwinn58@mac.com,Male,166.47.114.170
190,Darrell,Elms,delms59@uol.com.br,Genderfluid,89.83.18.2
191,Vince,Ruddlesden,vruddlesden5a@scientificamerican.com,Genderqueer,166.170.45.91
192,Kingsley,Bourne,kbourne5b@unesco.org,Genderfluid,88.15.2.9
193,Antonino,Eglington,aeglington5c@patch.com,Male,88.242.89.30
194,Jacquetta,Brinkman,jbrinkman5d@vimeo.com,Genderfluid,153.56.125.1
195,Janos,Rudolph,jrudolph5e@multiply.com,Genderfluid,95.131.3.173
196,Rog,Kigelman,rkigelman5f@bloomberg.com,Polygender,56.152.216.103
197,Nat,Matyasik,nmatyasik5g@yahoo.com,Female,8.41.32.45
198,Kerstin,Madle,kmadle5h@so-net.ne.jp,Bigender,104.116.216.49
199,Orazio,Deplacido,odeplacido5i@stumbleupon.com,Bigender,7.33.66.119
200,Con,Woodwind,cwoodwind5j@chicagotribune.com,Genderfluid,7.220.145.1
201,Morris,Kubes,mkubes5k@booking.com,Agender,242.197.151.96
202,Nate,Insworth,ninsworth5l@mapy.cz,Agender,126.93.60.177
203,Karena,Gerbel,kgerbel5m@weibo.com,Female,226.135.158.81
204,Oona,Bothie,obothie5n@jigsy.com,Agender,160.44.23.231
205,Bennett,Dorian,bdorian5o@yahoo.com,Bigender,25.13.186.191
206,Frederico,De Biasio,fdebiasio5p@guardian.co.uk,Female,254.251.149.115
207,Colan,Schimank,cschimank5q@cam.ac.uk,Genderqueer,149.44.12.34
208,Nobie,Dibson,ndibson5r@vinaora.com,Genderqueer,20.181.50.125
209,Xerxes,Barker,xbarker5s@fda.gov,Genderfluid,66.176.44.187
210,Darlleen,Scutchings,dscutchings5t@over-blog.com,Genderfluid,221.243.6.255
211,Godfree,Glossup,gglossup5u@msn.com,Polygender,225.10.167.59
212,Vanya,Mournian,vmournian5v@google.fr,Non-binary,116.38.74.44
213,Misha,Rolingson,mrolingson5w@salon.com,Bigender,227.79.51.251
214,Cynthie,Theuff,ctheuff5x@gnu.org,Female,98.151.43.201
215,Claribel,Dinzey,cdinzey5y@walmart.com,Male,139.126.133.64
216,Patten,Vidineev,pvidineev5z@edublogs.org,Non-binary,106.148.7.254
217,Britt,Okell,bokell60@bloomberg.com,Male,178.124.249.34
218,Jamie,Honeyghan,jhoneyghan61@reverbnation.com,Genderfluid,18.60.17.2
219,Janeta,McGaugan,jmcgaugan62@friendfeed.com,Male,143.237.111.210
220,Trumaine,Ommundsen,tommundsen63@hostgator.com,Bigender,47.7.183.98
221,Maxie,Belliard,mbelliard64@webeden.co.uk,Female,128.178.7.166
222,Gisela,Assiter,gassiter65@eepurl.com,Genderqueer,7.171.159.107
223,Hunter,Sadd,hsadd66@forbes.com,Polygender,197.83.221.208
224,Angel,Newlan,anewlan67@vk.com,Non-binary,151.166.54.149
225,Tandi,Beardsall,tbeardsall68@goo.ne.jp,Female,183.141.162.57
226,Kev,Hicklingbottom,khicklingbottom69@reference.com,Genderqueer,175.29.195.42
227,Nathanael,Autie,nautie6a@globo.com,Genderfluid,138.62.77.91
228,Daphna,Sives,dsives6b@upenn.edu,Non-binary,154.190.62.47
229,Reginald,Hurren,rhurren6c@about.me,Male,76.135.245.120
230,Laney,Shuttlewood,lshuttlewood6d@lulu.com,Polygender,176.204.2.245
231,Faustina,Frier,ffrier6e@google.cn,Agender,68.37.182.97
232,Rollo,Blackader,rblackader6f@nbcnews.com,Polygender,27.213.71.131
233,Llywellyn,De Brett,ldebrett6g@privacy.gov.au,Genderfluid,169.5.65.85
234,Tommi,Crowder,tcrowder6h@instagram.com,Genderfluid,69.99.113.2
235,Melisenda,Rigg,mrigg6i@howstuffworks.com,Polygender,127.31.210.30
236,Heindrick,Danilowicz,hdanilowicz6j@ca.gov,Genderqueer,222.36.35.230
237,Chariot,Ateggart,categgart6k@sina.com.cn,Genderqueer,159.114.118.125
238,Robenia,Fiorentino,rfiorentino6l@marriott.com,Genderqueer,238.29.211.83
239,Melonie,Treat,mtreat6m@sourceforge.net,Polygender,15.178.11.63
240,Toddy,Govier,tgovier6n@opera.com,Genderfluid,26.74.222.120
241,Melisa,Henrichs,mhenrichs6o@disqus.com,Female,15.137.207.179
242,Susann,Hendriksen,shendriksen6p@unc.edu,Non-binary,60.23.74.106
243,Putnem,Clewlowe,pclewlowe6q@slate.com,Female,193.28.241.49
244,Chrysa,Marsden,cmarsden6r@kickstarter.com,Polygender,169.192.70.13
245,Wallie,Ilbert,wilbert6s@nhs.uk,Bigender,120.6.43.94
246,Ruddy,Kempton,rkempton6t@blogger.com,Agender,175.5.48.229
247,Ellwood,Roggerone,eroggerone6u@cocolog-nifty.com,Agender,42.248.120.83
248,Isidor,Reyner,ireyner6v@skyrock.com,Polygender,70.162.152.93
249,Darelle,Eburah,deburah6w@fema.gov,Agender,136.34.87.181
250,Garth,Eunson,geunson6x@live.com,Bigender,36.122.159.153
251,Margy,Armsby,marmsby6y@nsw.gov.au,Non-binary,172.38.59.250
252,Matty,Eagle,meagle6z@blogspot.com,Male,197.119.88.129
253,Percy,Oglethorpe,poglethorpe70@tumblr.com,Agender,137.56.179.85
254,Jenda,Gyer,jgyer71@google.com.hk,Genderfluid,247.120.126.244
255,Emlen,Cluer,ecluer72@spotify.com,Male,0.107.83.117
256,Ingeborg,Kinsey,ikinsey73@amazonaws.com,Genderqueer,166.139.56.69
257,Arnuad,Jefferies,ajefferies74@pen.io,Female,227.219.205.30
258,Garrek,Vasyutochkin,gvasyutochkin75@prlog.org,Agender,83.33.185.235
259,Georgi,Aven,gaven76@xrea.com,Non-binary,34.214.175.0
260,Christiano,Hollidge,chollidge77@squarespace.com,Agender,43.65.192.138
261,Shelley,Tregea,stregea78@digg.com,Male,135.188.123.116
262,Zacherie,Holde,zholde79@stanford.edu,Genderqueer,44.224.209.32
263,Lionel,Grimestone,lgrimestone7a@cbslocal.com,Female,178.91.53.3
264,Carline,Goss,cgoss7b@fema.gov,Agender,165.231.86.59
265,Merill,Ponte,mponte7c@vkontakte.ru,Female,159.128.27.198
266,Norton,Borghese,nborghese7d@ask.com,Male,59.235.38.236
267,Auberta,Lugsdin,alugsdin7e@house.gov,Genderfluid,124.216.228.21
268,Grantham,Desson,gdesson7f@miibeian.gov.cn,Polygender,193.161.103.13
269,Aloisia,Aps,aaps7g@gnu.org,Male,171.201.98.126
270,Marcel,Sawyers,msawyers7h@netvibes.com,Genderqueer,51.176.18.168
271,Price,Mathet,pmathet7i@unesco.org,Non-binary,103.242.182.133
272,Aluin,Degoe,adegoe7j@infoseek.co.jp,Bigender,213.153.83.94
273,Melina,Vasey,mvasey7k@reddit.com,Non-binary,50.176.160.194
274,Gigi,Erratt,gerratt7l@ezinearticles.com,Male,209.106.142.80
275,Yoshi,Draude,ydraude7m@samsung.com,Bigender,143.54.99.138
276,Heloise,Tendahl,htendahl7n@vkontakte.ru,Female,229.189.138.199
277,Babara,Comoletti,bcomoletti7o@umn.edu,Non-binary,145.48.197.19
278,Redford,Hakey,rhakey7p@jugem.jp,Agender,112.8.154.171
279,Scotti,Cardozo,scardozo7q@dot.gov,Male,226.227.23.179
280,Willetta,Mellows,wmellows7r@gravatar.com,Non-binary,213.98.104.58
281,Tilly,Carnegie,tcarnegie7s@tamu.edu,Agender,175.158.161.75
282,Reinhold,Stuer,rstuer7t@godaddy.com,Agender,148.193.180.47
283,Justinn,Baiss,jbaiss7u@livejournal.com,Non-binary,82.9.163.85
284,Carole,Espine,cespine7v@umich.edu,Agender,147.240.19.242
285,Glen,Tardiff,gtardiff7w@dropbox.com,Genderqueer,242.93.173.22
286,Ingaborg,Cotesford,icotesford7x@mlb.com,Bigender,71.133.12.69
287,Mirella,Kennermann,mkennermann7y@goodreads.com,Male,238.141.167.189
288,Bili,Buttery,bbuttery7z@mail.ru,Genderfluid,102.99.201.155
289,Robinetta,Hamp,rhamp80@shutterfly.com,Polygender,217.37.157.141
290,Becka,Matteo,bmatteo81@amazon.co.jp,Agender,218.125.131.172
291,Sela,Wayper,swayper82@seattletimes.com,Female,43.135.32.231
292,Augy,Faircloth,afaircloth83@addtoany.com,Male,36.230.69.20
293,Bennie,Massot,bmassot84@bandcamp.com,Polygender,205.235.106.186
294,Thayne,Di Antonio,tdiantonio85@ustream.tv,Bigender,171.206.50.78
295,Delano,Dumbrall,ddumbrall86@weebly.com,Genderqueer,24.196.158.205
296,Gwenni,Hazlehurst,ghazlehurst87@blogger.com,Non-binary,198.115.178.55
297,Camey,Warrender,cwarrender88@live.com,Bigender,78.178.250.26
298,Audrey,MacGilfoyle,amacgilfoyle89@csmonitor.com,Bigender,194.208.4.70
299,Robina,Blanc,rblanc8a@macromedia.com,Bigender,109.160.121.237
300,Shanna,Jachtym,sjachtym8b@cafepress.com,Female,52.56.128.117
301,Thaxter,Cutts,tcutts8c@newsvine.com,Non-binary,214.154.25.250
302,Paige,Duignan,pduignan8d@blogtalkradio.com,Male,241.159.11.65
303,Dominica,Featherstonhaugh,dfeatherstonhaugh8e@webs.com,Genderfluid,121.98.171.57
304,Mabelle,Hellyar,mhellyar8f@squidoo.com,Polygender,71.196.132.35
305,Moina,Lepere,mlepere8g@hatena.ne.jp,Male,126.20.181.137
306,Ardelia,de Mendoza,ademendoza8h@yandex.ru,Non-binary,82.219.166.115
307,Sheelagh,Ridel,sridel8i@amazon.co.uk,Genderqueer,245.188.214.13
308,Sheffield,Newsome,snewsome8j@issuu.com,Male,29.191.22.43
309,Thorsten,Organ,torgan8k@auda.org.au,Female,24.200.22.236
310,Angelique,Brackpool,abrackpool8l@people.com.cn,Polygender,224.254.47.211
311,Jeremias,Troutbeck,jtroutbeck8m@epa.gov,Female,161.244.44.234
312,Art,Ebi,aebi8n@indiegogo.com,Male,224.248.120.29
313,Ervin,Gallihawk,egallihawk8o@mail.ru,Agender,92.127.85.1
314,Petra,Breadmore,pbreadmore8p@sbwire.com,Genderqueer,185.129.185.14
315,Dena,Yuryichev,dyuryichev8q@chicagotribune.com,Female,76.16.54.160
316,Saidee,Maylard,smaylard8r@joomla.org,Bigender,84.171.109.23
317,Lula,Ferrarese,lferrarese8s@merriam-webster.com,Polygender,60.122.176.249
318,Boyce,Heaysman,bheaysman8t@virginia.edu,Bigender,250.232.6.248
319,Darbee,Heaford,dheaford8u@usnews.com,Female,33.82.167.45
320,Ximenes,Tribbeck,xtribbeck8v@joomla.org,Bigender,166.59.126.126
321,Sylas,Genery,sgenery8w@wsj.com,Male,190.45.249.189
322,Findlay,Perrett,fperrett8x@ed.gov,Bigender,244.117.50.141
323,Sax,Penas,spenas8y@auda.org.au,Genderfluid,235.88.213.88
324,Lilah,Berard,lberard8z@wsj.com,Genderfluid,187.239.173.79
325,Freemon,Schulter,fschulter90@dot.gov,Male,130.227.114.118
326,Hoyt,McGilleghole,hmcgilleghole91@techcrunch.com,Genderqueer,215.133.190.182
327,Nyssa,Galvan,ngalvan92@gov.uk,Genderqueer,59.15.34.224
328,Lazare,Oakley,loakley93@typepad.com,Agender,216.163.65.231
329,Phoebe,Manville,pmanville94@sourceforge.net,Polygender,123.20.44.194
330,Concordia,Skakunas,cskakunas95@gizmodo.com,Genderqueer,13.31.154.44
331,Manda,Saipy,msaipy96@ebay.com,Polygender,255.43.48.247
332,Ryun,Patesel,rpatesel97@instagram.com,Bigender,204.91.6.88
333,Bartholomeus,Grange,bgrange98@kickstarter.com,Genderqueer,163.119.201.193
334,Kayle,Doick,kdoick99@seattletimes.com,Non-binary,243.191.218.15
335,Susette,Joerning,sjoerning9a@g.co,Male,183.217.207.2
336,Janith,McQuillan,jmcquillan9b@noaa.gov,Female,238.8.112.79
337,Eydie,Smoth,esmoth9c@dailymail.co.uk,Agender,226.229.1.94
338,Hersch,Privost,hprivost9d@nifty.com,Non-binary,28.153.228.232
339,Micheal,Downer,mdowner9e@webs.com,Male,184.138.193.154
340,Tomasina,Burgon,tburgon9f@w3.org,Genderfluid,6.119.26.150
341,Basil,Havard,bhavard9g@fda.gov,Non-binary,132.188.68.242
342,Deck,Larroway,dlarroway9h@topsy.com,Female,94.65.138.176
343,Micheil,McCrainor,mmccrainor9i@edublogs.org,Female,106.190.4.254
344,Katinka,Winspeare,kwinspeare9j@bloglovin.com,Female,244.162.183.212
345,Nanete,Mongeot,nmongeot9k@ow.ly,Agender,248.81.235.40
346,Benjie,Geroldini,bgeroldini9l@patch.com,Genderfluid,206.14.131.232
347,Emory,Girhard,egirhard9m@nba.com,Polygender,104.81.102.13
348,Erie,Behning,ebehning9n@histats.com,Female,118.3.99.37
349,Bobbie,MacCleay,bmaccleay9o@digg.com,Non-binary,55.80.173.101
350,Ali,Waterworth,awaterworth9p@columbia.edu,Genderqueer,201.91.87.35
351,Peg,Groarty,pgroarty9q@biglobe.ne.jp,Non-binary,110.4.169.121
352,Shanna,Trundell,strundell9r@drupal.org,Bigender,179.196.190.44
353,Richard,Bremley,rbremley9s@google.com.br,Agender,43.253.102.250
354,Hendrik,Milam,hmilam9t@reddit.com,Male,93.222.78.215
355,Fidelity,Harradine,fharradine9u@cbsnews.com,Polygender,70.14.155.220
356,Patience,Farrimond,pfarrimond9v@smh.com.au,Genderfluid,218.161.187.55
357,Nicolai,Rameau,nrameau9w@smh.com.au,Bigender,202.129.4.187
358,Cleveland,Phizakarley,cphizakarley9x@seattletimes.com,Genderfluid,203.183.43.6
359,Cosetta,Bragginton,cbragginton9y@a8.net,Female,135.40.4.144
360,Terrance,Dewes,tdewes9z@nature.com,Genderqueer,87.150.170.196
361,Devland,Hemms,dhemmsa0@imdb.com,Genderfluid,233.238.209.251
362,Guthrie,Melly,gmellya1@ucoz.com,Genderfluid,76.33.105.243
363,Lena,Tibalt,ltibalta2@godaddy.com,Bigender,173.236.181.89
364,Ari,Snodden,asnoddena3@ovh.net,Male,187.246.69.17
365,Warde,Belshaw,wbelshawa4@sogou.com,Agender,23.92.173.228
366,Philip,Glayzer,pglayzera5@blogtalkradio.com,Non-binary,239.6.81.133
367,Alfonso,Kiddle,akiddlea6@discuz.net,Female,113.142.23.171
368,Mannie,Balderston,mbalderstona7@sun.com,Polygender,7.19.112.118
369,Barth,Ablett,babletta8@i2i.jp,Bigender,229.193.59.253
370,Britt,Hattam,bhattama9@aboutads.info,Non-binary,119.253.37.2
371,Ros,Curado,rcuradoaa@rambler.ru,Non-binary,141.163.118.37
372,Rosella,Babcock,rbabcockab@slate.com,Polygender,78.94.13.231
373,Ivonne,Corah,icorahac@angelfire.com,Polygender,133.170.199.116
374,Beatriz,Rasp,braspad@usgs.gov,Female,223.238.20.62
375,Livvy,Borris,lborrisae@sciencedaily.com,Male,113.27.209.235
376,Whitman,Gringley,wgringleyaf@geocities.jp,Female,86.0.9.169
377,Bobbye,Parley,bparleyag@answers.com,Non-binary,183.175.137.252
378,Vallie,Budibent,vbudibentah@about.com,Genderfluid,225.42.46.68
379,Wilburt,Roblett,wroblettai@goo.ne.jp,Polygender,238.30.251.34
380,Marven,MacGarrity,mmacgarrityaj@cnet.com,Genderfluid,177.216.81.92
381,Oriana,Tackes,otackesak@vimeo.com,Agender,100.206.253.63
382,Ekaterina,Curnokk,ecurnokkal@merriam-webster.com,Genderfluid,19.120.207.227
383,Wadsworth,Morgon,wmorgonam@xrea.com,Male,58.200.231.164
384,Gwenni,Stoggell,gstoggellan@nasa.gov,Genderfluid,157.37.201.91
385,Salvador,Ingrem,singremao@cargocollective.com,Agender,252.245.105.21
386,Basilius,Leed,bleedap@odnoklassniki.ru,Bigender,164.2.13.211
387,Yulma,Kristof,ykristofaq@sphinn.com,Non-binary,102.26.69.173
388,Annetta,Skeats,askeatsar@stanford.edu,Non-binary,55.170.156.101
389,Karine,Ramel,kramelas@reverbnation.com,Agender,102.17.247.15
390,Russ,Gianuzzi,rgianuzziat@illinois.edu,Genderqueer,171.55.149.35
391,Raffaello,Jakubowski,rjakubowskiau@ebay.co.uk,Bigender,74.162.51.33
392,Thomasine,Pinkney,tpinkneyav@webnode.com,Bigender,22.114.40.26
393,Myrtle,Shinfield,mshinfieldaw@hugedomains.com,Polygender,45.110.191.202
394,Zachery,De Mars,zdemarsax@answers.com,Genderfluid,176.80.105.253
395,Chic,Saket,csaketay@home.pl,Female,161.129.55.60
396,Nariko,Thowes,nthowesaz@histats.com,Agender,5.140.125.86
397,Portia,Iskow,piskowb0@ca.gov,Genderfluid,173.55.228.241
398,Patrick,Shah,pshahb1@dailymotion.com,Polygender,211.250.51.214
399,Katinka,Key,kkeyb2@earthlink.net,Non-binary,140.254.206.42
400,Cristina,Saladine,csaladineb3@tmall.com,Male,156.204.130.196
401,Samuele,Stook,sstookb4@amazon.de,Polygender,57.147.202.11
402,Linnell,Kerbler,lkerblerb5@networksolutions.com,Female,132.38.181.13
403,Staci,Schutter,sschutterb6@google.es,Polygender,88.71.186.57
404,Farris,Charteris,fcharterisb7@si.edu,Polygender,126.210.249.217
405,Kerianne,Housley,khousleyb8@addtoany.com,Non-binary,160.211.245.155
406,Alaric,Dyzart,adyzartb9@nationalgeographic.com,Agender,148.29.134.166
407,Vina,Prosek,vprosekba@networkadvertising.org,Genderfluid,121.164.40.227
408,Gunner,Benes,gbenesbb@lycos.com,Genderqueer,233.25.79.119
409,Adolpho,Esterbrook,aesterbrookbc@techcrunch.com,Polygender,201.8.181.56
410,Trish,Speenden,tspeendenbd@who.int,Polygender,195.239.230.161
411,Anjela,Filler,afillerbe@yellowbook.com,Male,224.172.110.87
412,Mari,Faas,mfaasbf@howstuffworks.com,Polygender,68.74.119.142
413,Jasmin,Andrin,jandrinbg@phoca.cz,Male,115.34.20.162
414,Benita,Canner,bcannerbh@newyorker.com,Non-binary,203.32.88.107
415,Ernesto,Mussington,emussingtonbi@tmall.com,Bigender,179.113.147.167
416,Ambrose,August,aaugustbj@tripod.com,Genderfluid,217.34.40.55
417,Harriet,Masson,hmassonbk@cnbc.com,Agender,201.198.51.62
418,Jobye,Endacott,jendacottbl@forbes.com,Non-binary,192.203.253.41
419,Meghann,Roads,mroadsbm@nps.gov,Polygender,191.29.66.31
420,Arlene,Gillooly,agilloolybn@bravesites.com,Agender,2.53.190.141
421,Michele,Moorfield,mmoorfieldbo@youtu.be,Agender,186.225.58.75
422,Jocelin,Hesey,jheseybp@theatlantic.com,Male,22.193.236.56
423,Wendall,Seller,wsellerbq@technorati.com,Male,229.36.187.201
424,Kynthia,Syres,ksyresbr@ameblo.jp,Non-binary,189.54.0.148
425,Irvine,Lonie,iloniebs@simplemachines.org,Female,46.56.185.28
426,Rozanna,Grist,rgristbt@drupal.org,Female,89.242.198.171
427,Welbie,Curman,wcurmanbu@wsj.com,Polygender,158.30.73.104
428,Peder,Killshaw,pkillshawbv@constantcontact.com,Female,28.121.246.102
429,Nils,Batters,nbattersbw@xrea.com,Genderfluid,190.104.124.225
430,Bernadette,Huston,bhustonbx@t.co,Non-binary,185.133.42.215
431,Jane,Cardenosa,jcardenosaby@behance.net,Genderqueer,135.47.178.156
432,Sari,Turnbull,sturnbullbz@discovery.com,Polygender,108.204.111.224
433,Dillon,Fagg,dfaggc0@google.cn,Bigender,226.122.9.99
434,Terry,Kiehne,tkiehnec1@cmu.edu,Non-binary,147.91.137.169
435,Wylma,Rawcliff,wrawcliffc2@barnesandnoble.com,Bigender,2.140.196.223
436,Waldemar,Bengefield,wbengefieldc3@twitpic.com,Bigender,186.14.187.176
437,Veradis,Pettinger,vpettingerc4@adobe.com,Polygender,158.105.201.83
438,Griswold,Humbles,ghumblesc5@i2i.jp,Non-binary,32.111.204.236
439,Catrina,Wingatt,cwingattc6@topsy.com,Agender,211.58.255.48
440,Melessa,Ogbourne,mogbournec7@tuttocitta.it,Genderqueer,17.50.241.208
441,Dun,Frill,dfrillc8@w3.org,Female,193.152.60.95
442,Saree,Freeland,sfreelandc9@independent.co.uk,Agender,226.77.82.140
443,Urbain,Hammatt,uhammattca@1und1.de,Polygender,57.15.215.12
444,Teodoor,Zuker,tzukercb@spotify.com,Genderqueer,184.18.136.178
445,Chelsea,Capstack,ccapstackcc@google.de,Agender,164.95.130.194
446,Obadias,Bienvenu,obienvenucd@naver.com,Polygender,238.16.86.196
447,Vina,Delea,vdeleace@mozilla.org,Non-binary,227.205.19.192
448,Tildi,Odams,todamscf@auda.org.au,Non-binary,64.84.128.33
449,Annis,Gawith,agawithcg@mediafire.com,Genderqueer,95.250.31.166
450,Savina,Ales0,salesch@blogtalkradio.com,Agender,158.80.173.46
451,Carmelina,Gorrie,cgorrieci@google.es,Male,46.229.159.240
452,Marguerite,Scutcheon,mscutcheoncj@vinaora.com,Agender,26.89.247.48
453,Binky,Atger,batgerck@arizona.edu,Bigender,36.163.75.132
454,Peria,MacCumeskey,pmaccumeskeycl@mit.edu,Polygender,205.238.105.246
455,Gill,Cast,gcastcm@chron.com,Agender,59.189.190.11
456,Annabela,Revelle,arevellecn@answers.com,Genderqueer,56.215.149.237
457,Arly,Menichi,amenichico@zimbio.com,Bigender,136.192.103.193
458,Dud,Garbutt,dgarbuttcp@usatoday.com,Male,205.31.20.74
459,Orsola,Leas,oleascq@usnews.com,Non-binary,85.171.134.210
460,Evaleen,Whitman,ewhitmancr@patch.com,Male,40.6.229.96
461,Tris,Whichelow,twhichelowcs@google.ca,Male,74.248.128.94
462,Delcine,Solesbury,dsolesburyct@123-reg.co.uk,Genderqueer,8.177.134.73
463,Jeremiah,Witcherley,jwitcherleycu@amazon.de,Genderfluid,234.161.102.231
464,Shena,Dubery,sduberycv@live.com,Polygender,212.45.46.166
465,Reuben,Jex,rjexcw@ted.com,Genderfluid,253.5.163.154
466,Keely,Kippax,kkippaxcx@twitter.com,Non-binary,62.18.46.50
467,Vern,Corradi,vcorradicy@opera.com,Polygender,154.164.127.178
468,Jackqueline,Pinock,jpinockcz@domainmarket.com,Non-binary,188.190.78.147
469,Alejoa,Shrieves,ashrievesd0@craigslist.org,Male,42.153.150.175
470,Graig,Parlatt,gparlattd1@elegantthemes.com,Agender,133.35.93.18
471,Niccolo,O'Duggan,noduggand2@yellowpages.com,Agender,22.64.37.217
472,Coop,Sharman,csharmand3@senate.gov,Female,240.84.61.101
473,Aloin,Pendlebery,apendleberyd4@nyu.edu,Non-binary,247.88.253.170
474,Theresina,Newberry,tnewberryd5@auda.org.au,Non-binary,171.254.60.242
475,Gerladina,Khomich,gkhomichd6@fda.gov,Genderfluid,98.187.145.205
476,Chas,Matz,cmatzd7@ihg.com,Agender,194.17.239.250
477,Levey,Grayling,lgraylingd8@google.cn,Agender,228.124.171.83
478,Maitilde,Glading,mgladingd9@wisc.edu,Agender,73.58.59.11
479,Rolando,Azemar,razemarda@psu.edu,Polygender,192.254.247.130
480,Herby,Longhurst,hlonghurstdb@blog.com,Polygender,242.127.13.160
481,Maryl,Reany,mreanydc@cloudflare.com,Female,151.44.214.89
482,Joyann,Senechell,jsenechelldd@home.pl,Genderqueer,168.117.192.189
483,Damita,Bunson,dbunsonde@geocities.jp,Non-binary,175.155.67.155
484,Hussein,Burnapp,hburnappdf@mayoclinic.com,Bigender,39.252.165.125
485,Kali,Ricioppo,kricioppodg@storify.com,Bigender,232.198.255.60
486,Chrissie,Mattisssen,cmattisssendh@tripadvisor.com,Polygender,117.76.79.149
487,Skippie,Tollet,stolletdi@liveinternet.ru,Bigender,253.22.77.22
488,Link,Padbury,lpadburydj@fda.gov,Genderqueer,231.87.61.93
489,Roberto,Abercromby,rabercrombydk@guardian.co.uk,Genderqueer,243.135.158.70
490,Betta,Hafford,bhafforddl@lycos.com,Agender,40.148.250.170
491,Margeaux,Bettison,mbettisondm@ycombinator.com,Male,108.41.71.82
492,Hurlee,Lorenzo,hlorenzodn@1und1.de,Genderqueer,209.169.141.137
493,Lucille,Cockerell,lcockerelldo@sogou.com,Bigender,189.18.150.80
494,Wyndham,Lesslie,wlessliedp@icq.com,Agender,232.128.217.166
495,Marie,Quiney,mquineydq@ifeng.com,Genderfluid,183.222.15.118
496,Carmel,Welch,cwelchdr@spotify.com,Female,50.74.218.162
497,Chickie,Roycroft,croycroftds@nymag.com,Bigender,140.48.203.169
498,Uta,Travers,utraversdt@ucoz.com,Polygender,153.169.48.184
499,Nathaniel,Trundle,ntrundledu@wufoo.com,Polygender,197.127.206.138
500,Dona,Sopp,dsoppdv@elpais.com,Bigender,185.235.187.25
501,Sig,McSkin,smcskindw@bandcamp.com,Bigender,222.117.185.62
502,Matelda,Kinnock,mkinnockdx@simplemachines.org,Polygender,97.184.142.213
503,Liz,Bensley,lbensleydy@boston.com,Genderfluid,57.4.36.255
504,Claire,Adolphine,cadolphinedz@yellowbook.com,Polygender,112.167.134.72
505,Griffith,Gregg,ggregge0@engadget.com,Non-binary,72.253.20.141
506,Zeb,Sirman,zsirmane1@rakuten.co.jp,Polygender,112.210.185.90
507,Sophey,Tildesley,stildesleye2@chronoengine.com,Agender,37.235.30.161
508,Joey,Havock,jhavocke3@webs.com,Bigender,122.203.18.133
509,Richart,MacGillavery,rmacgillaverye4@nba.com,Agender,150.84.86.209
510,Neilla,Petrosian,npetrosiane5@nydailynews.com,Female,117.163.163.241
511,Clarinda,Cicero,cciceroe6@cnn.com,Male,182.103.253.94
512,Dulci,Swanston,dswanstone7@cbsnews.com,Agender,205.81.79.59
513,Wilma,Andrasch,wandrasche8@is.gd,Genderfluid,69.39.81.119
514,Rand,Pestor,rpestore9@bloomberg.com,Genderfluid,54.212.189.161
515,Stormie,Grayley,sgrayleyea@mapquest.com,Male,236.202.89.29
516,Maggie,Vanyutin,mvanyutineb@princeton.edu,Agender,148.124.83.206
517,Merell,Baack,mbaackec@csmonitor.com,Male,17.180.232.33
518,Vernice,Haywood,vhaywooded@devhub.com,Bigender,50.60.181.253
519,Adena,Pepys,apepysee@vk.com,Female,204.88.56.34
520,Lizzie,Tatton,ltattonef@hhs.gov,Male,178.167.48.162
521,Suzanna,Kerrey,skerreyeg@google.com.au,Bigender,33.244.254.102
522,Merle,McShee,mmcsheeeh@rediff.com,Bigender,214.24.180.119
523,Dee,Keeble,dkeebleei@addtoany.com,Polygender,21.135.206.68
524,Genvieve,Bootland,gbootlandej@delicious.com,Polygender,115.102.72.109
525,Mickey,Jolin,mjolinek@parallels.com,Genderfluid,110.22.84.226
526,Smitty,Quainton,squaintonel@photobucket.com,Bigender,239.158.156.108
527,Les,Leaf,lleafem@cnbc.com,Female,118.46.98.165
528,Suzy,Walentynowicz,swalentynowiczen@cyberchimps.com,Polygender,35.15.144.241
529,Candace,Aspital,caspitaleo@rediff.com,Genderfluid,30.248.177.69
530,Waylin,Rockcliff,wrockcliffep@joomla.org,Non-binary,37.26.42.76
531,Claudetta,Letessier,cletessiereq@free.fr,Polygender,129.201.216.33
532,Doreen,Nockalls,dnockallser@archive.org,Non-binary,143.81.34.118
533,Bobbi,Coaster,bcoasteres@bandcamp.com,Bigender,255.78.232.168
534,Arlan,Leonards,aleonardset@google.com,Polygender,232.15.23.42
535,Ray,Nucator,rnucatoreu@ocn.ne.jp,Genderfluid,168.3.25.24
536,Asher,Scandred,ascandredev@desdev.cn,Agender,134.120.13.7
537,Rochella,Raper,rraperew@xinhuanet.com,Female,228.138.133.234
538,Aggi,Pietzker,apietzkerex@unc.edu,Male,21.196.89.224
539,Kennan,Doucette,kdoucetteey@biglobe.ne.jp,Genderqueer,146.78.103.2
540,Bern,Medeway,bmedewayez@nature.com,Genderfluid,228.238.161.236
541,Johnny,Owen,jowenf0@dot.gov,Non-binary,135.26.165.249
542,Rab,Coltan,rcoltanf1@microsoft.com,Agender,129.173.78.137
543,Miner,Jacqueminet,mjacqueminetf2@sakura.ne.jp,Polygender,179.6.62.166
544,Hunter,Sommerville,hsommervillef3@cornell.edu,Agender,171.241.254.111
545,Shari,Hatfield,shatfieldf4@webnode.com,Genderfluid,173.184.42.55
546,Oralee,Cullum,ocullumf5@marriott.com,Polygender,210.164.140.48
547,Bud,Buick,bbuickf6@chron.com,Genderqueer,84.251.62.202
548,Miguela,Kellington,mkellingtonf7@cmu.edu,Polygender,182.62.99.106
549,Andonis,Norgan,anorganf8@google.de,Female,200.171.30.157
550,Dewie,Larrett,dlarrettf9@flickr.com,Non-binary,84.121.57.166
551,Reinaldo,Goodge,rgoodgefa@discovery.com,Male,70.23.61.70
552,Ingra,Gleeton,igleetonfb@marketwatch.com,Female,16.9.105.162
553,Moll,Myott,mmyottfc@ihg.com,Non-binary,112.171.212.205
554,Oren,Portam,oportamfd@indiatimes.com,Male,194.62.249.195
555,Yolane,Pitcaithley,ypitcaithleyfe@myspace.com,Non-binary,55.138.37.17
556,Melody,Sausman,msausmanff@yandex.ru,Female,49.0.161.41
557,Dunn,Brennen,dbrennenfg@businessinsider.com,Polygender,74.12.161.8
558,Filmer,Najera,fnajerafh@washington.edu,Genderfluid,179.198.221.149
559,Issie,Ruane,iruanefi@vinaora.com,Female,120.171.186.254
560,Cheri,Gilderoy,cgilderoyfj@geocities.com,Bigender,96.189.44.72
561,Adlai,Hackly,ahacklyfk@un.org,Bigender,212.47.123.88
562,Caterina,Straine,cstrainefl@xing.com,Genderqueer,124.123.203.189
563,Joleen,Convery,jconveryfm@illinois.edu,Female,108.15.192.2
564,Gilligan,Lomb,glombfn@privacy.gov.au,Female,72.126.119.194
565,Leann,Brandolini,lbrandolinifo@nationalgeographic.com,Genderfluid,151.193.96.235
566,Say,Zellner,szellnerfp@yandex.ru,Non-binary,52.160.72.33
567,Penni,Manton,pmantonfq@hp.com,Bigender,197.51.59.30
568,Mendel,Strong,mstrongfr@auda.org.au,Non-binary,45.120.216.187
569,Anni,Lennie,alenniefs@taobao.com,Male,86.197.61.84
570,Vinny,Glassard,vglassardft@squarespace.com,Polygender,249.51.10.226
571,Kayne,Mitchener,kmitchenerfu@hostgator.com,Agender,35.24.230.9
572,Lily,Copello,lcopellofv@sciencedaily.com,Genderfluid,16.152.227.124
573,Hubie,Heller,hhellerfw@etsy.com,Genderqueer,42.65.72.188
574,Josephina,Dumbreck,jdumbreckfx@addtoany.com,Genderqueer,229.8.45.55
575,Kristy,Ciementini,kciementinify@ox.ac.uk,Agender,248.177.229.189
576,Dietrich,Werrilow,dwerrilowfz@4shared.com,Female,214.68.65.253
577,Perrine,Paskins,ppaskinsg0@independent.co.uk,Bigender,116.46.123.69
578,Austine,Blount,ablountg1@ow.ly,Male,49.208.206.29
579,Brittney,Steed,bsteedg2@bravesites.com,Bigender,221.156.196.75
580,Olwen,Eve,oeveg3@vistaprint.com,Female,187.60.238.128
581,Thorsten,Pocknell,tpocknellg4@domainmarket.com,Male,165.143.41.104
582,Charlean,Buncombe,cbuncombeg5@technorati.com,Genderqueer,228.86.93.180
583,Laure,Veasey,lveaseyg6@shareasale.com,Genderfluid,15.196.128.8
584,Hercules,Ansty,hanstyg7@ftc.gov,Agender,109.17.1.144
585,Susi,Westmacott,swestmacottg8@slate.com,Non-binary,212.201.132.72
586,Kira,Ailsbury,kailsburyg9@hao123.com,Non-binary,160.29.220.87
587,Kariotta,Rubury,kruburyga@creativecommons.org,Genderqueer,7.149.90.126
588,Cal,Skelhorn,cskelhorngb@usnews.com,Male,163.74.117.226
589,Lacey,Arton,lartongc@cornell.edu,Female,35.55.144.249
590,Glen,McGebenay,gmcgebenaygd@wired.com,Genderqueer,244.239.36.47
591,Nikolas,Yegorchenkov,nyegorchenkovge@admin.ch,Genderqueer,149.110.218.45
592,Sari,Biernat,sbiernatgf@myspace.com,Female,91.73.142.63
593,Bobette,Castille,bcastillegg@hud.gov,Agender,181.86.128.192
594,Calv,Leasor,cleasorgh@mashable.com,Non-binary,90.213.24.60
595,Tedman,Maurice,tmauricegi@feedburner.com,Female,7.50.53.11
596,Giff,Mackerel,gmackerelgj@admin.ch,Female,111.202.123.100
597,Kenn,Fridlington,kfridlingtongk@surveymonkey.com,Male,68.217.1.159
598,Gratiana,Carress,gcarressgl@japanpost.jp,Female,198.120.227.60
599,Abbi,Lindholm,alindholmgm@foxnews.com,Non-binary,97.6.178.13
600,Langston,Carluccio,lcarlucciogn@npr.org,Agender,135.149.104.28
601,Gisele,Ostridge,gostridgego@thetimes.co.uk,Non-binary,42.252.177.165
602,Mischa,Russo,mrussogp@buzzfeed.com,Genderfluid,203.37.163.252
603,Parsifal,Alcorn,palcorngq@bing.com,Polygender,139.58.145.12
604,Spence,Adamiec,sadamiecgr@etsy.com,Genderfluid,139.229.80.156
605,Fairleigh,Pendell,fpendellgs@spotify.com,Female,194.171.157.169
606,Bartie,Tother,btothergt@geocities.com,Male,150.207.9.96
607,Bernita,Brinkworth,bbrinkworthgu@bravesites.com,Agender,24.17.73.203
608,Lyndell,Jagoe,ljagoegv@sciencedaily.com,Female,199.244.185.112
609,Ewen,Minto,emintogw@amazon.co.uk,Bigender,78.184.194.75
610,Natalee,Roblin,nroblingx@jugem.jp,Genderfluid,117.181.230.37
611,Collen,Mival,cmivalgy@unicef.org,Male,126.135.86.146
612,Honor,McElhinney,hmcelhinneygz@paginegialle.it,Genderfluid,43.36.109.52
613,Karly,Kibbye,kkibbyeh0@qq.com,Non-binary,64.228.30.153
614,Kellsie,Flobert,kfloberth1@cnbc.com,Non-binary,99.33.7.116
615,Issi,Darby,idarbyh2@csmonitor.com,Polygender,160.47.252.146
616,Eduino,Holsey,eholseyh3@merriam-webster.com,Agender,40.8.214.133
617,Gilberte,Kadwallider,gkadwalliderh4@pinterest.com,Genderfluid,223.152.249.18
618,Ingamar,Hyslop,ihysloph5@globo.com,Male,98.201.239.234
619,Peggy,Geerling,pgeerlingh6@vimeo.com,Genderqueer,105.255.20.249
620,Ertha,Thurner,ethurnerh7@who.int,Bigender,120.110.118.199
621,Eleanora,Forsard,eforsardh8@dropbox.com,Bigender,39.62.224.65
622,Darn,McGougan,dmcgouganh9@gizmodo.com,Agender,47.182.21.171
623,Lesly,Dymocke,ldymockeha@domainmarket.com,Polygender,73.244.200.221
624,Lanie,Domerque,ldomerquehb@berkeley.edu,Non-binary,75.74.150.229
625,Bill,Wheatman,bwheatmanhc@senate.gov,Female,207.4.224.195
626,Jonie,Desesquelle,jdesesquellehd@census.gov,Male,233.191.69.84
627,Nesta,Pidgeon,npidgeonhe@parallels.com,Female,170.251.20.39
628,Addia,Frise,afrisehf@weebly.com,Genderqueer,70.199.177.66
629,Celestyna,Stonestreet,cstonestreethg@skype.com,Female,159.105.71.144
630,Hildegarde,Clouter,hclouterhh@studiopress.com,Polygender,150.148.193.146
631,Dell,Merrgen,dmerrgenhi@prlog.org,Female,39.2.168.39
632,Patten,Tchir,ptchirhj@harvard.edu,Polygender,73.14.144.54
633,Rubi,Pindell,rpindellhk@geocities.com,Non-binary,246.36.114.246
634,Maximo,Paddick,mpaddickhl@craigslist.org,Agender,63.154.103.190
635,Meryl,Diment,mdimenthm@furl.net,Genderfluid,154.121.174.220
636,Bruno,Elphey,belpheyhn@berkeley.edu,Male,155.44.67.228
637,Idette,Bader,ibaderho@wikispaces.com,Non-binary,51.67.222.120
638,Ferguson,Prestie,fprestiehp@bizjournals.com,Agender,191.187.107.82
639,Forest,Ludlow,fludlowhq@berkeley.edu,Genderfluid,21.252.131.61
640,Arty,Wayper,awayperhr@scribd.com,Bigender,25.238.150.221
641,Janey,Weld,jweldhs@is.gd,Female,24.218.89.149
642,Theressa,Beushaw,tbeushawht@blogspot.com,Genderqueer,154.170.111.227
643,Gordon,Powlett,gpowletthu@flickr.com,Bigender,145.158.231.69
644,Kermie,Marlow,kmarlowhv@chronoengine.com,Agender,167.20.135.120
645,Queenie,Rapkins,qrapkinshw@berkeley.edu,Non-binary,176.63.80.163
646,Gavan,Sim,gsimhx@time.com,Agender,171.180.9.80
647,Nessa,Weinmann,nweinmannhy@ycombinator.com,Polygender,131.95.211.190
648,Rodolph,Winspire,rwinspirehz@163.com,Agender,91.181.75.53
649,Wynne,Bister,wbisteri0@usnews.com,Genderqueer,80.228.107.82
650,Aarika,Gopsill,agopsilli1@yellowpages.com,Agender,50.122.218.107
651,Vina,Goodin,vgoodini2@reference.com,Female,108.148.34.248
652,Sloan,Ashley,sashleyi3@1und1.de,Male,111.74.182.255
653,Claudie,Brumham,cbrumhami4@fc2.com,Bigender,156.148.49.155
654,Bert,Doorly,bdoorlyi5@paypal.com,Female,203.103.221.31
655,Carilyn,Taffley,ctaffleyi6@gizmodo.com,Non-binary,144.80.150.4
656,Urbanus,Jedrzejczak,ujedrzejczaki7@taobao.com,Polygender,29.204.144.220
657,Dione,Kondratovich,dkondratovichi8@thetimes.co.uk,Female,16.27.72.33
658,Blair,Fahy,bfahyi9@mtv.com,Female,219.242.197.194
659,Rennie,Criple,rcripleia@myspace.com,Male,73.89.231.148
660,Hercule,Kelner,hkelnerib@free.fr,Non-binary,27.171.238.105
661,Antoinette,Roelvink,aroelvinkic@uol.com.br,Genderfluid,223.143.77.70
662,Dedie,Burril,dburrilid@loc.gov,Female,145.191.142.211
663,York,Pettingall,ypettingallie@google.fr,Female,56.179.49.79
664,Glyn,Luddy,gluddyif@youtu.be,Female,187.60.143.129
665,Butch,Kinnar,bkinnarig@rediff.com,Polygender,185.147.63.159
666,Bryce,Leggat,bleggatih@pcworld.com,Non-binary,193.252.114.234
667,Minette,Mufford,mmuffordii@goo.ne.jp,Genderqueer,201.194.90.181
668,Randene,Tottle,rtottleij@cargocollective.com,Non-binary,245.152.250.181
669,Robbyn,Popping,rpoppingik@ycombinator.com,Genderfluid,63.82.158.30
670,Myrta,Joberne,mjoberneil@house.gov,Agender,16.151.28.35
671,Kaleena,Potteril,kpotterilim@loc.gov,Female,148.35.39.146
672,Xaviera,Skatcher,xskatcherin@stanford.edu,Bigender,52.137.208.181
673,Peadar,Codman,pcodmanio@gnu.org,Bigender,232.148.151.212
674,Melva,Capponer,mcapponerip@360.cn,Genderqueer,92.94.58.236
675,Maggi,Harragin,mharraginiq@nymag.com,Genderfluid,140.20.218.13
676,Bridie,Jamblin,bjamblinir@shutterfly.com,Agender,58.178.12.71
677,Giana,Fransoni,gfransoniis@tripod.com,Genderqueer,165.169.155.108
678,Emmery,Churching,echurchingit@uiuc.edu,Genderfluid,25.20.245.13
679,Amity,Brende,abrendeiu@pbs.org,Genderfluid,212.35.40.106
680,Hilario,Humphris,hhumphrisiv@twitpic.com,Bigender,87.44.178.128
681,Lindi,Mullins,lmullinsiw@vk.com,Agender,146.159.222.142
682,Rhea,Roseveare,rroseveareix@wordpress.org,Male,239.125.73.253
683,Shay,Carpmile,scarpmileiy@gnu.org,Male,183.3.161.166
684,Leena,Severwright,lseverwrightiz@epa.gov,Male,166.0.247.247
685,Julita,Vasyagin,jvasyaginj0@quantcast.com,Female,44.202.170.54
686,Hildegarde,Rehme,hrehmej1@vimeo.com,Non-binary,255.193.153.234
687,Arri,Blasl,ablaslj2@bigcartel.com,Genderfluid,71.32.48.133
688,Lisbeth,Byas,lbyasj3@myspace.com,Male,76.115.151.181
689,Twyla,Clowney,tclowneyj4@nymag.com,Non-binary,81.197.78.100
690,Zollie,Ivashev,zivashevj5@blogger.com,Male,238.15.89.66
691,Pietrek,Gavini,pgavinij6@drupal.org,Non-binary,247.61.202.62
692,Adaline,Pearce,apearcej7@cnbc.com,Male,159.232.174.23
693,Alejandrina,Crippen,acrippenj8@ow.ly,Male,153.234.19.186
694,Glen,Pennetta,gpennettaj9@paginegialle.it,Genderqueer,131.63.152.154
695,Tamara,Danels,tdanelsja@hatena.ne.jp,Bigender,76.34.129.90
696,Elsworth,Standon,estandonjb@lycos.com,Non-binary,233.78.76.42
697,Marlowe,Bleier,mbleierjc@prweb.com,Male,30.173.145.238
698,Rozanna,Berard,rberardjd@yellowbook.com,Bigender,144.88.204.229
699,Emanuel,Hunnawill,ehunnawillje@facebook.com,Polygender,130.241.104.27
700,Mickey,Torrijos,mtorrijosjf@fotki.com,Female,9.199.43.146
701,Bradley,Luxton,bluxtonjg@go.com,Bigender,227.104.82.228
702,Neda,Doerren,ndoerrenjh@theglobeandmail.com,Genderqueer,10.89.216.73
703,Vidovik,Drohun,vdrohunji@angelfire.com,Genderqueer,37.133.4.158
704,Anallese,Wegner,awegnerjj@mapy.cz,Genderfluid,214.26.15.150
705,Wylie,Edinburough,wedinburoughjk@census.gov,Male,213.89.4.153
706,Eward,Dudin,edudinjl@zdnet.com,Polygender,13.160.180.40
707,Cullen,Sullly,csulllyjm@salon.com,Non-binary,244.238.127.206
708,Avigdor,Duley,aduleyjn@nhs.uk,Genderfluid,104.49.18.127
709,Chilton,Gregori,cgregorijo@plala.or.jp,Female,226.49.115.167
710,Wang,MacCaull,wmaccaulljp@slashdot.org,Non-binary,191.0.112.254
711,Nicholas,MacKaig,nmackaigjq@google.ru,Agender,65.49.8.225
712,Salem,Cratchley,scratchleyjr@issuu.com,Genderqueer,218.117.91.6
713,Janith,Bemlott,jbemlottjs@bbb.org,Genderqueer,84.38.111.7
714,Mandy,Elnor,melnorjt@washington.edu,Non-binary,254.211.36.176
715,Chelsea,Alekseicik,calekseicikju@tamu.edu,Bigender,227.134.123.178
716,Jorey,Pringle,jpringlejv@vinaora.com,Male,81.156.206.79
717,Silva,Ondra,sondrajw@state.gov,Agender,136.252.197.68
718,Giulietta,Luten,glutenjx@wp.com,Agender,48.81.198.129
719,Meagan,Lapree,mlapreejy@japanpost.jp,Genderfluid,158.35.165.62
720,Katrine,Guwer,kguwerjz@godaddy.com,Bigender,165.150.172.54
721,Humfrid,Farfalameev,hfarfalameevk0@aboutads.info,Male,216.225.90.59
722,Kirby,Whitby,kwhitbyk1@nytimes.com,Genderqueer,80.165.40.65
723,Coralie,Nusche,cnuschek2@feedburner.com,Polygender,74.194.59.198
724,Quint,Doy,qdoyk3@github.io,Bigender,52.79.242.128
725,Marthena,Dabbs,mdabbsk4@ox.ac.uk,Genderfluid,250.142.32.189
726,Lonnie,Atlee,latleek5@bloomberg.com,Genderqueer,9.3.140.192
727,Mabel,Simioli,msimiolik6@ameblo.jp,Female,34.229.205.171
728,Ilyssa,Krzysztofiak,ikrzysztofiakk7@miibeian.gov.cn,Genderqueer,249.45.192.187
729,Casper,Alflatt,calflattk8@webnode.com,Genderqueer,5.158.26.179
730,Clerc,Inskipp,cinskippk9@sciencedirect.com,Male,10.130.186.79
731,Lewie,Bonny,lbonnyka@sogou.com,Polygender,109.89.162.135
732,Felice,O' Connell,foconnellkb@51.la,Genderfluid,232.170.224.69
733,Helen,Fancutt,hfancuttkc@rambler.ru,Female,226.195.105.142
734,Ian,Micco,imiccokd@amazonaws.com,Polygender,116.149.12.229
735,Tadio,MacNeilly,tmacneillyke@aboutads.info,Male,28.154.235.153
736,Malchy,MacAree,mmacareekf@dailymail.co.uk,Agender,70.214.95.238
737,Eleanora,Glackin,eglackinkg@eepurl.com,Polygender,90.12.29.201
738,Steffie,Popplestone,spopplestonekh@yellowpages.com,Genderfluid,214.206.52.38
739,Kasper,Holme,kholmeki@nps.gov,Bigender,237.58.174.233
740,Gerick,Funcheon,gfuncheonkj@ucoz.ru,Polygender,225.225.169.29
741,Gennifer,Insull,ginsullkk@intel.com,Female,228.222.118.101
742,Izak,Clayborn,iclaybornkl@ed.gov,Polygender,173.18.177.199
743,Petronille,Pechacek,ppechacekkm@netlog.com,Genderfluid,160.177.40.182
744,Karalynn,Saket,ksaketkn@4shared.com,Non-binary,45.127.232.214
745,Danica,Brasener,dbrasenerko@bloglines.com,Agender,252.20.3.104
746,Maurizio,Skinley,mskinleykp@nih.gov,Genderqueer,184.170.97.38
747,Drud,Wassung,dwassungkq@upenn.edu,Genderfluid,197.134.157.197
748,Mara,Burril,mburrilkr@prweb.com,Female,110.175.111.45
749,Conrado,Bernardoux,cbernardouxks@behance.net,Polygender,18.89.198.47
750,Giralda,Catley,gcatleykt@ameblo.jp,Male,148.207.83.196
751,Jacintha,Spolton,jspoltonku@sohu.com,Bigender,41.161.136.56
752,Joey,Clissell,jclissellkv@twitter.com,Polygender,7.7.35.122
753,Humfrid,Abley,hableykw@cdc.gov,Bigender,132.189.167.59
754,Estevan,A'field,eafieldkx@patch.com,Agender,35.27.132.180
755,Bernelle,Gamblin,bgamblinky@google.com,Male,222.186.225.118
756,Wayland,Duxfield,wduxfieldkz@google.it,Male,76.65.249.124
757,Harold,Jervois,hjervoisl0@ovh.net,Polygender,51.64.2.11
758,Shayne,Benit,sbenitl1@networkadvertising.org,Agender,154.176.24.125
759,Krissie,Hedditch,khedditchl2@technorati.com,Agender,13.94.200.7
760,Randee,Harder,rharderl3@narod.ru,Male,92.29.154.30
761,Winnie,Durning,wdurningl4@kickstarter.com,Bigender,90.69.1.240
762,Bryce,Berringer,bberringerl5@foxnews.com,Genderfluid,140.162.196.185
763,Wald,Meyrick,wmeyrickl6@about.com,Genderfluid,54.215.210.5
764,Rice,Strond,rstrondl7@weather.com,Polygender,134.253.106.62
765,Aldous,Guidi,aguidil8@dailymail.co.uk,Bigender,219.235.65.145
766,Rita,Izon,rizonl9@jiathis.com,Non-binary,60.29.243.162
767,Manon,Grindell,mgrindellla@imageshack.us,Agender,23.246.193.171
768,Marisa,McMenemy,mmcmenemylb@slideshare.net,Genderfluid,204.80.108.59
769,Rona,Wordsley,rwordsleylc@goo.ne.jp,Polygender,167.38.111.120
770,Katine,Strettle,kstrettleld@t-online.de,Female,231.228.91.239
771,Eilis,McQueen,emcqueenle@salon.com,Female,134.192.118.234
772,Koenraad,Urlich,kurlichlf@mysql.com,Genderqueer,85.211.228.24
773,Leia,Crielly,lcriellylg@goo.ne.jp,Agender,53.150.111.143
774,Glynn,Scurrah,gscurrahlh@dropbox.com,Polygender,154.179.230.34
775,Gerta,Davidsson,gdavidssonli@over-blog.com,Genderfluid,154.112.54.83
776,Laughton,Flatte,lflattelj@ihg.com,Agender,194.233.111.234
777,Karolina,Ladley,kladleylk@unicef.org,Male,30.79.87.61
778,Nannette,Bohler,nbohlerll@mayoclinic.com,Female,226.131.64.32
779,Devy,Chese,dcheselm@goodreads.com,Non-binary,221.142.86.163
780,Selestina,Ianson,siansonln@harvard.edu,Female,209.130.26.202
781,Eb,Bibby,ebibbylo@indiegogo.com,Agender,65.116.7.82
782,Doti,Osipenko,dosipenkolp@vk.com,Agender,168.128.84.132
783,Sigfrid,Teulier,steulierlq@techcrunch.com,Male,66.184.252.100
784,Dacey,Pulham,dpulhamlr@1und1.de,Non-binary,159.35.107.180
785,Darnall,Alesio,dalesiols@reuters.com,Female,182.109.61.159
786,Janek,Simoes,jsimoeslt@apache.org,Genderqueer,36.169.156.57
787,Gwennie,Peeke-Vout,gpeekevoutlu@umn.edu,Female,86.62.156.254
788,Durward,Jurzyk,djurzyklv@seesaa.net,Agender,11.40.244.245
789,Jackie,Todaro,jtodarolw@google.co.uk,Polygender,156.108.75.94
790,Cathee,Chidgey,cchidgeylx@usatoday.com,Genderfluid,199.67.144.142
791,Marsh,Redmille,mredmillely@nydailynews.com,Agender,14.123.203.221
792,Gabbey,Aberdeen,gaberdeenlz@posterous.com,Male,118.90.205.45
793,Dan,Buckthorp,dbuckthorpm0@sphinn.com,Non-binary,54.56.147.52
794,Simone,Kemmet,skemmetm1@themeforest.net,Genderfluid,6.205.111.195
795,Lenee,Gonnely,lgonnelym2@quantcast.com,Genderqueer,202.143.158.59
796,Morlee,Pesselt,mpesseltm3@blinklist.com,Genderqueer,203.27.155.111
797,Norbert,Yesipov,nyesipovm4@yahoo.com,Agender,240.159.29.132
798,Victor,Dorrance,vdorrancem5@newyorker.com,Non-binary,10.126.68.133
799,Padraig,Pedrazzi,ppedrazzim6@discovery.com,Non-binary,57.170.132.182
800,Fenelia,Heazel,fheazelm7@vimeo.com,Polygender,231.112.72.248
801,Janelle,Bissett,jbissettm8@wikimedia.org,Agender,177.65.115.220
802,Leshia,Artindale,lartindalem9@marriott.com,Bigender,181.66.107.250
803,Steffie,Gittose,sgittosema@phoca.cz,Male,170.62.124.117
804,Ilise,McNeilley,imcneilleymb@1688.com,Genderfluid,61.234.180.32
805,Aldis,Adanez,aadanezmc@list-manage.com,Polygender,87.220.156.163
806,Quill,Fellgett,qfellgettmd@cnn.com,Male,75.250.178.58
807,Elisabet,Pughe,epugheme@trellian.com,Bigender,25.44.0.180
808,Magdalene,Russen,mrussenmf@slashdot.org,Bigender,69.26.147.153
809,Berti,Ocheltree,bocheltreemg@tripod.com,Genderfluid,76.215.195.123
810,Lynea,Lindsell,llindsellmh@youtu.be,Polygender,208.160.112.135
811,Mara,Wrenn,mwrennmi@scientificamerican.com,Bigender,254.177.40.248
812,Maggie,Edwardson,medwardsonmj@tumblr.com,Polygender,122.90.136.161
813,Junette,Atcherley,jatcherleymk@jimdo.com,Polygender,177.91.209.159
814,Keeley,Wallworke,kwallworkeml@vistaprint.com,Genderqueer,130.12.29.110
815,Denney,Olsson,dolssonmm@army.mil,Genderqueer,167.202.182.69
816,Dunc,Sprules,dsprulesmn@wikia.com,Genderfluid,100.118.33.239
817,Harriot,Labrone,hlabronemo@harvard.edu,Genderqueer,19.185.80.218
818,Adeline,Bassindale,abassindalemp@biblegateway.com,Male,23.254.79.16
819,Tannie,Durgan,tdurganmq@prweb.com,Polygender,190.102.229.182
820,Clementia,Greeno,cgreenomr@ehow.com,Male,45.227.197.129
821,Aurie,Collough,acolloughms@cocolog-nifty.com,Polygender,120.220.3.111
822,Kitty,Barti,kbartimt@newsvine.com,Bigender,173.225.222.48
823,Ardelis,Winkless,awinklessmu@twitter.com,Genderfluid,245.139.202.194
824,Sukey,Baszkiewicz,sbaszkiewiczmv@discovery.com,Genderqueer,62.169.132.179
825,Lola,Aprahamian,laprahamianmw@sourceforge.net,Male,253.110.41.254
826,Jon,Kollasch,jkollaschmx@joomla.org,Bigender,147.204.198.23
827,Truda,Alexsandrev,talexsandrevmy@prlog.org,Genderfluid,181.71.9.23
828,Virgie,Arendt,varendtmz@sogou.com,Bigender,216.65.173.228
829,Rollin,Barfitt,rbarfittn0@princeton.edu,Genderfluid,113.43.74.217
830,Vitia,Wearing,vwearingn1@sfgate.com,Female,150.116.96.205
831,Mark,de Clerk,mdeclerkn2@digg.com,Polygender,47.127.244.202
832,Cly,Wolfers,cwolfersn3@tiny.cc,Female,53.213.167.183
833,Shayne,Scanes,sscanesn4@parallels.com,Male,18.251.82.221
834,Ariel,Cockrem,acockremn5@ebay.com,Male,197.254.175.203
835,Prent,Jannasch,pjannaschn6@merriam-webster.com,Genderqueer,188.24.179.89
836,Jennee,Upham,juphamn7@storify.com,Polygender,134.82.144.209
837,Cornie,Cuthbertson,ccuthbertsonn8@google.ca,Male,116.14.224.54
838,Alice,Stoak,astoakn9@youtu.be,Male,110.48.153.19
839,Dahlia,McLeod,dmcleodna@gov.uk,Polygender,92.230.197.198
840,Ogdan,Jurca,ojurcanb@upenn.edu,Male,172.68.68.218
841,Dave,Le Surf,dlesurfnc@i2i.jp,Female,157.237.255.128
842,Frederica,McKeaveney,fmckeaveneynd@earthlink.net,Genderqueer,185.8.112.255
843,Ulrikaumeko,Zelley,uzelleyne@wunderground.com,Genderqueer,242.183.116.219
844,Roxanne,Leblanc,rleblancnf@pen.io,Male,237.163.150.77
845,Erny,Bottom,ebottomng@mac.com,Genderqueer,5.163.57.182
846,Dena,Mustchin,dmustchinnh@360.cn,Polygender,213.191.148.173
847,Octavia,Levi,olevini@noaa.gov,Genderqueer,41.49.79.174
848,Aurel,Mateos,amateosnj@so-net.ne.jp,Female,154.67.31.130
849,Cord,McOmish,cmcomishnk@comcast.net,Male,23.159.155.18
850,Woody,Lenthall,wlenthallnl@sciencedaily.com,Male,6.182.85.228
851,Sherilyn,Kingston,skingstonnm@php.net,Agender,35.235.217.199
852,Bev,Pardew,bpardewnn@cyberchimps.com,Female,55.235.220.153
853,Alyosha,Dennick,adennickno@fotki.com,Genderqueer,201.9.94.84
854,Caril,Peak,cpeaknp@alibaba.com,Bigender,249.77.15.129
855,Saundra,Mushett,smushettnq@go.com,Genderfluid,42.144.2.87
856,Nevins,Neill,nneillnr@economist.com,Bigender,27.185.213.32
857,Jarib,Ould,jouldns@mit.edu,Non-binary,77.190.171.224
858,Harwilll,Lent,hlentnt@aboutads.info,Male,176.104.71.173
859,Alex,Andreichik,aandreichiknu@digg.com,Genderfluid,168.162.192.213
860,Janela,Elphick,jelphicknv@diigo.com,Non-binary,110.164.85.159
861,Boot,Sharrem,bsharremnw@bloglines.com,Non-binary,181.27.130.114
862,Melany,Matula,mmatulanx@earthlink.net,Polygender,233.45.231.230
863,Merralee,Bodham,mbodhamny@4shared.com,Agender,179.66.207.96
864,Anneliese,Baskerville,abaskervillenz@fda.gov,Polygender,82.164.232.213
865,Owen,Delooze,odeloozeo0@wikimedia.org,Agender,80.145.187.244
866,Scarface,Leal,slealo1@csmonitor.com,Non-binary,56.14.62.135
867,Nata,Gooderidge,ngooderidgeo2@fc2.com,Non-binary,168.239.32.238
868,Budd,Whitehall,bwhitehallo3@oracle.com,Genderfluid,209.3.164.4
869,Dulcea,Quittonden,dquittondeno4@biblegateway.com,Bigender,45.77.128.201
870,Gilbertine,Blyth,gblytho5@answers.com,Non-binary,14.175.175.73
871,Dion,Foxley,dfoxleyo6@cocolog-nifty.com,Female,142.107.222.220
872,Flem,Favel,ffavelo7@illinois.edu,Non-binary,78.67.249.106
873,Butch,Paolicchi,bpaolicchio8@hao123.com,Agender,101.113.180.106
874,Verney,Munford,vmunfordo9@cbsnews.com,Male,205.65.103.103
875,Elsbeth,Lufkin,elufkinoa@fotki.com,Genderfluid,202.174.44.202
876,Lesli,Blasing,lblasingob@si.edu,Genderqueer,242.66.35.42
877,Hale,Chelnam,hchelnamoc@google.com.au,Agender,146.229.101.11
878,Jillana,Chamley,jchamleyod@netvibes.com,Non-binary,107.41.169.176
879,Zachariah,Iannuzzelli,ziannuzzellioe@imdb.com,Genderfluid,43.216.174.176
880,Jaymie,Render,jrenderof@yelp.com,Genderqueer,234.227.239.180
881,Wiatt,Gobert,wgobertog@ebay.com,Bigender,136.79.163.228
882,Ceil,Doe,cdoeoh@indiatimes.com,Agender,138.133.191.92
883,Axe,Zambonini,azamboninioi@naver.com,Polygender,142.82.110.110
884,Boony,Instone,binstoneoj@rakuten.co.jp,Polygender,96.132.135.128
885,Allianora,Ley,aleyok@over-blog.com,Agender,138.0.214.57
886,Lemmy,Maiklem,lmaiklemol@skyrock.com,Female,236.54.200.153
887,Jarib,Pancoust,jpancoustom@nba.com,Female,241.50.101.75
888,Hetti,O' Faherty,hofahertyon@scientificamerican.com,Bigender,4.231.212.185
889,Edsel,Vears,evearsoo@hao123.com,Agender,213.47.139.127
890,Steve,Killingworth,skillingworthop@tiny.cc,Polygender,235.128.76.231
891,Cross,Honnan,chonnanoq@apache.org,Genderfluid,129.237.203.22
892,Calypso,Stoaks,cstoaksor@squidoo.com,Agender,82.211.47.43
893,Lucienne,Demead,ldemeados@cafepress.com,Male,42.148.4.182
894,Barbaraanne,Reape,breapeot@europa.eu,Non-binary,9.115.53.63
895,Barbaraanne,Santori,bsantoriou@mapquest.com,Male,253.81.236.227
896,Miner,Sibly,msiblyov@digg.com,Genderfluid,137.115.3.33
897,Ingar,Teal,itealow@umn.edu,Bigender,58.23.78.157
898,Marie-ann,Raspel,mraspelox@dagondesign.com,Female,230.108.229.100
899,Taryn,Wurst,twurstoy@1und1.de,Non-binary,246.143.110.125
900,Irwinn,Dinkin,idinkinoz@netscape.com,Genderfluid,195.157.52.121
901,Windy,Haxley,whaxleyp0@va.gov,Genderfluid,194.184.215.93
902,Brena,Poynser,bpoynserp1@wordpress.org,Non-binary,222.88.135.231
903,Yoshi,Feare,yfearep2@woothemes.com,Genderfluid,50.26.255.187
904,Tate,Rowesby,trowesbyp3@yellowbook.com,Genderqueer,158.63.133.48
905,Inness,Pires,ipiresp4@oracle.com,Male,139.36.81.189
906,Tiena,Shaw,tshawp5@tinyurl.com,Genderqueer,44.250.251.109
907,Lay,Trevarthen,ltrevarthenp6@hp.com,Female,21.98.135.68
908,Madison,Shakesby,mshakesbyp7@slashdot.org,Bigender,182.92.197.205
909,Vaughn,Tennison,vtennisonp8@a8.net,Genderqueer,103.8.28.54
910,Sapphira,Allcroft,sallcroftp9@list-manage.com,Polygender,208.184.204.33
911,Sarine,Vatcher,svatcherpa@tuttocitta.it,Non-binary,127.105.91.0
912,Burk,Peerman,bpeermanpb@seattletimes.com,Non-binary,242.50.198.4
913,Lilly,Berkeley,lberkeleypc@yelp.com,Male,228.113.250.200
914,Hillary,Dunkerly,hdunkerlypd@narod.ru,Female,186.201.108.211
915,Brendin,Kemet,bkemetpe@imgur.com,Bigender,225.17.143.12
916,Vivienne,Runciman,vruncimanpf@github.com,Female,120.37.14.84
917,Zaneta,Loffel,zloffelpg@weibo.com,Non-binary,235.217.78.1
918,Barny,Trood,btroodph@answers.com,Genderqueer,89.75.240.217
919,Rafael,Custard,rcustardpi@loc.gov,Non-binary,61.195.127.190
920,Analiese,Whimp,awhimppj@dion.ne.jp,Genderqueer,123.158.180.79
921,Lucio,Aronovitz,laronovitzpk@harvard.edu,Genderqueer,189.190.228.234
922,Daune,Coweuppe,dcoweuppepl@scribd.com,Non-binary,30.174.230.148
923,Bernelle,Sime,bsimepm@redcross.org,Male,248.121.124.220
924,Billy,Rainsden,brainsdenpn@pagesperso-orange.fr,Polygender,238.83.94.50
925,Myrna,Saile,msailepo@deliciousdays.com,Genderfluid,85.250.48.251
926,Seymour,Ledwith,sledwithpp@xinhuanet.com,Bigender,209.233.146.151
927,Bird,Mirfield,bmirfieldpq@jimdo.com,Female,7.223.18.137
928,Agretha,Devereu,adevereupr@amazon.co.jp,Genderfluid,141.200.213.52
929,Lucky,Howcroft,lhowcroftps@ifeng.com,Polygender,241.128.187.30
930,Alice,Tendahl,atendahlpt@hibu.com,Non-binary,80.52.71.44
931,Ferguson,Ducker,fduckerpu@jugem.jp,Genderqueer,79.185.198.249
932,Ellissa,Manjot,emanjotpv@harvard.edu,Female,192.141.83.61
933,Pippy,Macklin,pmacklinpw@skyrock.com,Male,75.228.165.128
934,Siward,Titt,stittpx@ucoz.ru,Agender,58.188.85.105
935,Aube,Wardlow,awardlowpy@house.gov,Agender,206.167.0.39
936,Winn,Jaulme,wjaulmepz@cbslocal.com,Male,227.192.1.14
937,Lay,Edgington,ledgingtonq0@globo.com,Non-binary,111.178.40.58
938,Antonius,Sein,aseinq1@topsy.com,Genderfluid,33.154.210.70
939,Rawley,Cleugh,rcleughq2@twitter.com,Genderfluid,179.1.16.218
940,Roarke,Reinhardt,rreinhardtq3@acquirethisname.com,Bigender,184.3.49.179
941,Skippie,Goodbanne,sgoodbanneq4@nih.gov,Polygender,244.72.168.127
942,Rowland,Kybird,rkybirdq5@123-reg.co.uk,Polygender,120.216.88.237
943,Norma,Batham,nbathamq6@discovery.com,Bigender,44.63.46.202
944,Philomena,Eberz,peberzq7@dedecms.com,Bigender,237.104.33.104
945,Opal,Edgeley,oedgeleyq8@imgur.com,Bigender,251.191.15.145
946,Guy,Coronas,gcoronasq9@purevolume.com,Non-binary,46.9.237.14
947,Giorgia,Skechley,gskechleyqa@imageshack.us,Female,202.162.187.72
948,Dewain,Mulholland,dmulhollandqb@google.fr,Agender,41.67.211.185
949,Joly,Ugo,jugoqc@usatoday.com,Bigender,160.255.164.175
950,Reamonn,Yeatman,ryeatmanqd@geocities.com,Genderfluid,204.188.109.254
951,Calv,Jobbing,cjobbingqe@uol.com.br,Female,93.154.186.90
952,Odetta,Kintzel,okintzelqf@statcounter.com,Female,223.65.249.130
953,Melodie,Commings,mcommingsqg@zdnet.com,Bigender,176.61.168.86
954,Ileane,Kelcher,ikelcherqh@nhs.uk,Non-binary,11.139.182.99
955,Tiebout,Sickamore,tsickamoreqi@furl.net,Bigender,102.123.171.31
956,Angelita,Hedditeh,ahedditehqj@java.com,Polygender,218.95.21.246
957,Esmaria,Lysaght,elysaghtqk@quantcast.com,Genderfluid,154.196.24.31
958,Woodrow,Camacke,wcamackeql@pbs.org,Genderqueer,195.65.72.159
959,Gabrila,Fawbert,gfawbertqm@unesco.org,Female,191.58.128.228
960,Kayle,Caller,kcallerqn@nps.gov,Genderfluid,60.6.211.168
961,Marisa,Valenta,mvalentaqo@constantcontact.com,Genderfluid,68.236.41.27
962,Aretha,O'Monahan,aomonahanqp@symantec.com,Male,48.219.103.127
963,Jarid,Steger,jstegerqq@alexa.com,Bigender,140.123.122.33
964,Nickie,Eixenberger,neixenbergerqr@mysql.com,Agender,35.201.89.144
965,Monty,Hallt,mhalltqs@boston.com,Female,152.154.195.144
966,Chelsae,Fronks,cfronksqt@mozilla.com,Genderfluid,248.197.20.179
967,Lara,Burroughes,lburroughesqu@mtv.com,Polygender,20.198.224.103
968,Hirsch,Boydle,hboydleqv@wikipedia.org,Bigender,8.91.55.173
969,Lin,Hencke,lhenckeqw@lulu.com,Agender,152.136.1.6
970,Tiena,Maffy,tmaffyqx@sina.com.cn,Bigender,44.139.118.68
971,Agatha,Latehouse,alatehouseqy@360.cn,Agender,194.135.201.170
972,Tucker,Hobgen,thobgenqz@privacy.gov.au,Polygender,241.246.126.103
973,Bessie,Tyas,btyasr0@dyndns.org,Non-binary,236.205.253.8
974,Annabella,Pummell,apummellr1@usnews.com,Female,40.155.147.120
975,Valerie,Mathis,vmathisr2@globo.com,Female,188.110.245.33
976,Kathye,Volett,kvolettr3@pbs.org,Polygender,63.14.25.226
977,Nettie,Schroeder,nschroederr4@hc360.com,Polygender,162.12.78.38
978,Gaile,Whall,gwhallr5@paypal.com,Non-binary,113.105.162.64
979,Donnell,Lamburn,dlamburnr6@businesswire.com,Agender,2.137.86.192
980,Jamaal,Butterfield,jbutterfieldr7@hao123.com,Female,168.65.51.155
981,Jamie,Bassett,jbassettr8@etsy.com,Female,174.225.102.237
982,Amandy,Matthai,amatthair9@jalbum.net,Non-binary,227.41.4.254
983,Herve,Lening,hleningra@skyrock.com,Genderfluid,126.65.241.203
984,Idalina,Maken,imakenrb@blog.com,Polygender,191.24.1.164
985,Clive,Roostan,croostanrc@epa.gov,Genderfluid,158.158.157.101
986,Tim,Jeffcoat,tjeffcoatrd@sogou.com,Genderqueer,227.39.168.247
987,Zonda,Oneile,zoneilere@globo.com,Genderqueer,140.78.113.133
988,Shurlocke,Bithell,sbithellrf@1und1.de,Male,246.107.177.146
989,Constantia,Dovidaitis,cdovidaitisrg@linkedin.com,Genderqueer,40.97.24.143
990,Henderson,Robson,hrobsonrh@live.com,Male,73.116.106.63
991,Giustina,Longman,glongmanri@sourceforge.net,Female,100.240.60.241
992,Jasmine,Audsley,jaudsleyrj@parallels.com,Agender,249.63.234.196
993,Lucilia,McReynold,lmcreynoldrk@mtv.com,Bigender,166.129.162.180
994,Bobbe,Whiteson,bwhitesonrl@apple.com,Genderqueer,86.127.50.117
995,Emerson,Fosbraey,efosbraeyrm@buzzfeed.com,Agender,139.76.74.60
996,Wileen,Bahl,wbahlrn@newyorker.com,Agender,238.135.222.243
997,Kerwinn,Biasotti,kbiasottiro@home.pl,Bigender,154.13.63.83
998,Renate,Tootal,rtootalrp@discuz.net,Female,124.209.2.17
999,Diahann,Dacey,ddaceyrq@jugem.jp,Female,114.77.79.233
1000,Derron,Danick,ddanickrr@wix.com,Female,188.128.155.21
